scheme,outer_fold,model,n_train,n_test,n_train_holes,n_test_holes,test_TFe_mean,test_TFe_sd,high_grade_threshold,n_high_grade_test,rmse,mae,r2,bias,correlation,calibration_slope,calibration_intercept,length_weighted_rmse,length_weighted_mae,high_grade_rmse,high_grade_mae,high_grade_bias
random_interval,1,Mean,800,200,29,29,25.570949999999996,6.711351637450353,31.951,23,6.695091352917169,5.108567500000001,-0.00016106882743205375,0.08496249999999592,,,,6.032933928180846,4.660050746737699,9.039226617254991,8.765826630434786,-8.765826630434786
random_interval,1,OrdinaryKriging,800,200,29,29,25.570949999999996,6.711351637450353,31.951,23,6.594588890148367,4.952370601891374,0.029641120336672766,0.4482418420504215,0.28541082818975916,0.5674429772679772,10.806542315040241,6.062922036114366,4.6592172726040015,6.385163792039814,5.463082244128704,-5.281497539818073
random_interval,1,XGBoost,800,200,29,29,25.570949999999996,6.711351637450353,31.951,23,5.503530199229573,3.9069184885025026,0.32416661867475727,-0.14571512432098396,0.5876353190736217,0.8034138442394747,5.1439643078391635,4.662460415247777,3.415632349935385,6.90727974212986,5.63445316148841,-5.503264767190685
random_interval,1,OOFResidualKriging,800,200,29,29,25.570949999999996,6.711351637450353,31.951,23,5.62312254459803,3.9688719724775074,0.29447561706922143,-0.14646140786198095,0.5762320497767731,0.7495044151114012,6.515183548243089,4.795315152103462,3.48429037743794,6.749169689343302,5.2744227020989465,-5.030957725010094
random_interval,1,ConvexFusion,800,200,29,29,25.570949999999996,6.711351637450353,31.951,23,5.491588632883811,3.9076566296065844,0.32709628496885146,-0.11642301173832063,0.585548480836449,0.8248089808209792,4.575827537531781,4.6512424227419205,3.4139706053622048,6.862527683051936,5.626001764329576,-5.492327845418446
random_interval,2,Mean,800,200,29,27,26.109899999999996,6.3758548931175065,31.9,26,6.387085807754973,5.057294499999999,-0.008568899061653035,-0.588724999999997,,,,5.852515466344031,4.755584461370682,9.457168329034959,8.990363461538458,-8.990363461538458
random_interval,2,OrdinaryKriging,800,200,29,27,26.109899999999996,6.3758548931175065,31.9,26,5.680370693052835,4.2787539729638535,0.20227458890277328,-0.39199399302590554,0.45398019836891984,0.9892096756690368,0.6694985399543987,5.106170109335997,4.004711328011218,7.058054983309235,6.2098463979872,-6.2098463979872
random_interval,2,XGBoost,800,200,29,27,26.109899999999996,6.3758548931175065,31.9,26,4.903271926633053,3.512735614585876,0.40560926879608983,-0.2599372838973999,0.6392609639549974,0.9451770807650401,1.6771077021090113,4.0968107230191535,3.1132210733157386,6.1510124930611445,5.361663480905387,-5.361663480905387
random_interval,2,OOFResidualKriging,800,200,29,27,26.109899999999996,6.3758548931175065,31.9,26,5.062883221506379,3.559995186156857,0.3662822219990238,-0.25143247777727873,0.6178791005751993,0.8396213758794623,4.398577920856969,4.176602638704133,3.1266027779701546,5.958048939213424,4.926230839569044,-4.923587707459903
random_interval,2,ConvexFusion,800,200,29,27,26.109899999999996,6.3758548931175065,31.9,26,4.899765797479223,3.51488356648818,0.4064590138672288,-0.2623534831765262,0.6395792770748379,0.9551725931483315,1.4210319670036098,4.097788988690705,3.1169574131355597,6.164903630745754,5.377181156298363,-5.377181156298363
random_interval,3,Mean,800,200,29,28,25.297800000000002,7.189428668740971,32.112,15,7.184097864032755,5.440544,-0.003535269716295142,0.4263999999999997,,,,6.486323084462471,4.991230966197591,11.333706356410215,10.730466666666667,-10.730466666666667
random_interval,3,OrdinaryKriging,800,200,29,28,25.297800000000002,7.189428668740971,32.112,15,6.5538095773268426,4.697506484085697,0.16482824494346437,0.00992264386588488,0.4120932773215265,0.8536578393346776,3.6936641693561527,5.676995003351576,4.096433494402828,9.894838205410132,8.37869736828902,-8.37869736828902
random_interval,3,XGBoost,800,200,29,28,25.297800000000002,7.189428668740971,32.112,15,5.627347358069157,3.8758710033416746,0.3842624941830518,-0.046389925765991116,0.6217316793217046,0.9291738984988593,1.8348488587306147,4.666130029139981,3.347638331075961,9.520461572552504,7.851189697265625,-7.851189697265625
random_interval,3,OOFResidualKriging,800,200,29,28,25.297800000000002,7.189428668740971,32.112,15,5.723214668414515,3.9493230647104323,0.36310442317913827,0.06145488123519922,0.616065011515254,0.8280840501425765,4.2982055093488345,4.76019972707788,3.368368928511099,9.392721166409295,6.9682234117017305,-6.953032938622332
random_interval,3,ConvexFusion,800,200,29,28,25.297800000000002,7.189428668740971,32.112,15,5.6315810172052805,3.880759295499611,0.38333566199906355,-0.044486310298253076,0.6203624231077088,0.9416933676041194,1.5169219883815572,4.671146402594022,3.351028584435427,9.531766393899314,7.869017779485498,-7.869017779485498
random_interval,4,Mean,800,200,29,29,25.659849999999995,6.344513752152823,32.001,19,6.328686668962704,4.7566862500000004,-1.708986829451753e-05,-0.026162500000003152,-7.803063208643536e-16,,,5.856754949050348,4.420721809738692,8.91202716205073,8.69157565789474,-8.69157565789474
random_interval,4,OrdinaryKriging,800,200,29,29,25.659849999999995,6.344513752152823,32.001,19,5.640528819922117,4.152995880232425,0.20563540700724026,-0.0941571393482285,0.45970750837947305,1.1918183195123297,-4.809811102350335,5.18121477333833,3.862576787924875,7.064265835281643,6.395355718698281,-6.395355718698281
random_interval,4,XGBoost,800,200,29,29,25.659849999999995,6.344513752152823,32.001,19,4.5852621769415265,3.328434940910339,0.47506131515297323,-0.10631808147430434,0.6930681552162784,1.1136165561245834,-2.7969862119282176,4.242981900950139,3.118091371434639,6.116378892734979,5.5744026425010285,-5.5744026425010285
random_interval,4,OOFResidualKriging,800,200,29,29,25.659849999999995,6.344513752152823,32.001,19,4.59914173522502,3.314034408935645,0.47187853344871944,-0.046285085356660025,0.6878333313714936,1.0526288347006942,-1.301726988631606,4.245238352562827,3.104784241919066,6.23714297957967,5.424097599243131,-5.424097599243131
random_interval,4,ConvexFusion,800,200,29,29,25.659849999999995,6.344513752152823,32.001,19,4.591405982904087,3.338563037266066,0.4736536390061654,-0.1058084545442854,0.6940112403369415,1.1449371964458814,-3.5979226849156527,4.248332572701262,3.129001748423831,6.151791801750444,5.608845301008909,-5.608845301008909
random_interval,5,Mean,800,200,29,28,25.5561,6.639938380624662,32.024,17,6.624126751174452,5.114775,-0.00024430890626181423,0.10352500000000202,,,,5.935830740872246,4.691277195071974,10.51457640860485,9.968022058823527,-9.968022058823527
random_interval,5,OrdinaryKriging,800,200,29,28,25.5561,6.639938380624662,32.024,17,6.285709654364204,4.783656011862357,0.09934709520783602,0.1894915002112539,0.3321332397417462,0.7672906911943426,5.801747302595717,5.557544014034765,4.268383941560884,7.775823636925103,6.962117478492066,-6.8306390615946695
random_interval,5,XGBoost,800,200,29,28,25.5561,6.639938380624662,32.024,17,5.33961473760563,3.909795955657959,0.3500668823482397,0.18616770401000995,0.5926077801445412,0.9703871378714571,0.576134520384869,4.672417474049657,3.4855452346345794,6.50208850146709,5.6160480858297905,-5.485338767556582
random_interval,5,OOFResidualKriging,800,200,29,28,25.5561,6.639938380624662,32.024,17,5.354480340452522,3.9351384698480745,0.3464429891659099,0.16994040246757736,0.590304297115299,0.9412440801696991,1.3416167649708994,4.695514118990069,3.5123129281276397,6.35300498282322,5.535207093718772,-5.382057181343068
random_interval,5,ConvexFusion,800,200,29,28,25.5561,6.639938380624662,32.024,17,5.3354030861922395,3.92891767238075,0.3510917548683883,0.18640792742226822,0.5932792262731131,1.0168268819936226,-0.6195740705368898,4.669888061381499,3.5024793531499547,6.572946166123186,5.713210578609623,-5.5824456901827695
drillhole,1,Mean,798,202,23,6,25.42806930693069,6.5441961476604025,32.192,13,6.533322669976656,4.9400141442715695,-0.001638275661553612,0.26422392615201507,2.6133761364007845e-16,,,5.76512545868301,4.463703685996947,9.867953937756308,9.600783689994214,-9.600783689994214
drillhole,1,OrdinaryKriging,798,202,23,6,25.42806930693069,6.5441961476604025,32.192,13,6.830795121877059,5.411644794386033,-0.09492712670470516,-0.8230581451642677,0.06500284345388316,0.18386076456199768,20.904173142671855,6.3892510762329,5.147110241330904,10.804081066447855,10.622777029208825,-10.622777029208825
drillhole,1,XGBoost,798,202,23,6,25.42806930693069,6.5441961476604025,32.192,13,5.739004105225387,4.080324462286316,0.2271134189166737,0.8191849041929338,0.49364307386368056,0.9450849639203451,0.6221840078027818,4.819922797597909,3.568337637144999,7.733619554933952,7.508256072998047,-7.508256072998047
drillhole,1,OOFResidualKriging,798,202,23,6,25.42806930693069,6.5441961476604025,32.192,13,5.701934308953396,4.316653622414502,0.237065743770136,0.4884298266462574,0.5013949182331159,0.8428999621841602,3.5830531672928716,4.89947809356904,3.853167203900351,7.308656290139689,7.081444566551218,-7.081444566551218
drillhole,1,ConvexFusion,798,202,23,6,25.42806930693069,6.5441961476604025,32.192,13,5.734272035866169,4.10881319126599,0.2283874535800856,0.7022011837313071,0.48986102019946703,0.9952349039376098,-0.5776879347070598,4.854906532659211,3.6268229249775366,7.941184037156365,7.730116260586536,-7.730116260586536
drillhole,2,Mean,806,194,24,5,25.388505154639176,5.8647909938486045,32.405,5,5.857900893536741,4.5148486863984045,-0.0028209111106130003,0.31068839374792157,-2.160116825995497e-16,,,5.4050410808189895,4.26892432698423,9.907249056936577,9.550806451612905,-9.550806451612905
drillhole,2,OrdinaryKriging,806,194,24,5,25.388505154639176,5.8647909938486045,32.405,5,6.697291566718333,5.109513097176557,-0.31080398943884147,0.5758145262214306,-0.09781145561031723,-0.21282947231826638,30.91447761141952,6.317379684406965,4.879969396545417,8.899139935679553,7.59255969941205,-7.59255969941205
drillhole,2,XGBoost,806,194,24,5,25.388505154639176,5.8647909938486045,32.405,5,5.219384192080292,3.830880848796097,0.20388121134921577,0.30736259519439385,0.48573062336527534,0.7394508230939826,6.38767459691062,4.729479915978085,3.6109716974305557,8.261284321260352,6.958627319335939,-6.958627319335939
drillhole,2,OOFResidualKriging,806,194,24,5,25.388505154639176,5.8647909938486045,32.405,5,5.9057756261669985,4.567360992374858,-0.019279355218555727,0.10629954250857694,0.38130261335292875,0.4846909023465303,13.031405260830066,5.572807314768896,4.458108209699509,7.724157124792953,6.000779823785531,-6.000779823785531
drillhole,2,ConvexFusion,806,194,24,5,25.388505154639176,5.8647909938486045,32.405,5,5.258589050055745,3.916662733311502,0.19187636760267912,0.3469179912386326,0.45827438148213706,0.7912259701686429,5.025970008341448,4.795415604967088,3.7066528786915636,8.27960418442106,7.052033555751999,-7.052033555751999
drillhole,3,Mean,796,204,23,6,25.02259803921569,7.535750106667811,31.97,22,7.557027151937813,5.648119395999606,-0.010608898708545311,0.7742738200807979,-5.710676261742892e-16,,,6.766233873239206,5.0418083271613785,10.842843018383512,10.17812814070352,-10.17812814070352
drillhole,3,OrdinaryKriging,796,204,23,6,25.02259803921569,7.535750106667811,31.97,22,7.818602494989359,5.737658001631851,-0.081781176624802,1.5312089167269027,0.039190970479442276,0.16081236934744317,20.752417427435947,6.982381774470738,5.1658406136651145,9.401275148744284,8.581947077832416,-8.581947077832416
drillhole,3,XGBoost,796,204,23,6,25.02259803921569,7.535750106667811,31.97,22,7.131354701097994,5.37641835343604,0.10003581032074471,0.5226187361922922,0.4049437261826337,0.6248459678159056,9.060772340118797,6.589425428831218,4.918079045322145,8.998288373264765,7.684993015636098,-7.684993015636098
drillhole,3,OOFResidualKriging,796,204,23,6,25.02259803921569,7.535750106667811,31.97,22,7.572959271095028,5.760830741224497,-0.014874627467998058,2.0717798390940585,0.38731138176562907,0.5649902054643994,9.714539914819387,6.791147044277618,5.131746392694824,7.573782551970064,6.414641165754753,-5.7301293252288215
drillhole,3,ConvexFusion,796,204,23,6,25.02259803921569,7.535750106667811,31.97,22,7.002975762323422,5.214634589322631,0.13214654004303084,0.7516530399399497,0.39610195491422867,0.7653250868627889,5.296917093237578,6.326438085171919,4.681191111134193,8.969326494174538,7.8886769461989665,-7.8886769461989665
drillhole,4,Mean,800,200,23,6,25.702800000000003,6.194213392981303,32.010999999999996,18,6.179224399752771,4.873051,-0.00016701459872381363,-0.07985000000000056,,,,5.818823984102062,4.607380893521047,8.070477228918994,7.892605555555558,-7.892605555555558
drillhole,4,OrdinaryKriging,800,200,23,6,25.702800000000003,6.194213392981303,32.010999999999996,18,6.0916025967547895,4.577715781597014,0.02799674392699547,0.7732032453920141,0.20921508184458706,1.0538282857174543,-2.19836111274123,5.706657898486766,4.30497019091561,6.5299591345018175,6.21357455937206,-6.21357455937206
drillhole,4,XGBoost,800,200,23,6,25.702800000000003,6.194213392981303,32.010999999999996,18,4.526298471420916,3.5351398212432867,0.463350201332996,-0.813674423980713,0.6933801034494207,1.0133544575802362,0.4812936522665975,4.060307974233818,3.239073896887498,6.328486942679829,6.072013922797311,-6.072013922797311
drillhole,4,OOFResidualKriging,800,200,23,6,25.702800000000003,6.194213392981303,32.010999999999996,18,4.701734101933467,3.512821633616085,0.42094379070579835,0.9651359466169731,0.6675614544746997,0.974917867199498,-0.2962472356886404,4.29124893043293,3.275662878537581,5.233765136337172,4.896796356294569,-4.896796356294569
drillhole,4,ConvexFusion,800,200,23,6,25.702800000000003,6.194213392981303,32.010999999999996,18,4.576371549092711,3.6124676450544837,0.45141093394907683,-0.4265762285049183,0.6951802234175307,1.3102636779603556,-7.415717923788101,4.149811461795613,3.346119436140149,6.347777495962017,6.106546412262155,-6.106546412262155
drillhole,5,Mean,800,200,23,6,26.65955,6.900403476478093,31.56,41,7.00036599347893,5.4862717499999984,-0.03435457925136509,-1.275787499999997,6.967996934733862e-17,,,6.518522113536879,5.264943776333762,9.93787702909583,9.519896036585362,-9.519896036585362
drillhole,5,OrdinaryKriging,800,200,23,6,26.65955,6.900403476478093,31.56,41,7.348882733009238,6.043483048614331,-0.13991005189169137,-2.443845745919076,0.10881294700959514,0.4043640042921968,16.86759086106425,6.90421906059684,5.778795571135642,10.370869769378526,9.987611005224316,-9.987611005224316
drillhole,5,XGBoost,800,200,23,6,26.65955,6.900403476478093,31.56,41,6.7795720443459615,5.313069665145874,0.029864249544205523,-1.7241872699737548,0.39356594083809937,0.6119537083854103,11.400262307425088,6.474474775151624,5.156868494382683,10.14735464946851,9.365295010078244,-9.365295010078244
drillhole,5,OOFResidualKriging,800,200,23,6,26.65955,6.900403476478093,31.56,41,7.0554189431853205,5.481435329302153,-0.0506874921250311,-1.8824952264184538,0.34824697423441986,0.5276796168122645,13.585203231340001,6.70213528634712,5.355130867167644,10.315606670414185,9.333930060999663,-9.333930060999663
drillhole,5,ConvexFusion,800,200,23,6,26.65955,6.900403476478093,31.56,41,6.67213869519025,5.226373100894216,0.060367392018565225,-1.7991906911116828,0.3994744038210012,0.6944707746842915,9.3947570118265,6.366554657903441,5.084093294162105,10.136265176085175,9.430153412146208,-9.430153412146208
spatial_block,1,Mean,812,188,19,10,25.91021276595745,6.704042196516247,31.787,32,6.69453080659696,5.385952206267686,-0.0024969344007850225,-0.3341043915732098,,,,6.2429640488801885,5.043287957764925,8.544851521691577,8.153266625615764,-8.153266625615764
spatial_block,1,OrdinaryKriging,812,188,19,10,25.91021276595745,6.704042196516247,31.787,32,7.083834717274721,5.783596157265398,-0.12248256343000019,-1.8196831812079255,-0.018927278637555306,-0.09373793901957415,28.16840935912194,6.790635581084344,5.543632404383104,10.461176961004716,10.02132266652752,-10.02132266652752
spatial_block,1,XGBoost,812,188,19,10,25.91021276595745,6.704042196516247,31.787,32,5.966661179418446,4.633653850961238,0.2036471876567103,-0.7191671570311201,0.5164925679586801,0.6946447121702114,8.41138613967814,5.583661494793551,4.434644337844864,6.835391019144865,6.1492426943779,-6.1492426943779
spatial_block,1,OOFResidualKriging,812,188,19,10,25.91021276595745,6.704042196516247,31.787,32,6.652418844139264,5.237008504619783,0.010075815222445383,-0.8713763684473954,0.4231061034492918,0.5204740322504916,12.878148623285014,6.270584763163208,5.069306335005046,7.765483079736293,7.135787105384185,-7.135787105384185
spatial_block,1,ConvexFusion,812,188,19,10,25.91021276595745,6.704042196516247,31.787,32,5.85618545897054,4.650840223677171,0.23286392141052448,-0.8941289480630477,0.5135824444498746,0.8182139868770808,5.441703089266838,5.456206649167153,4.408741878196235,7.334633707840439,6.76483054991915,-6.76483054991915
spatial_block,2,Mean,782,218,24,5,25.094174311926604,5.757896081681891,32.45,5,5.786756187788778,4.37058072690584,-0.014704261284991693,0.6966057392242876,,,,5.244225716200899,3.9941199476872495,9.442768363571703,9.387219948849108,-9.387219948849108
spatial_block,2,OrdinaryKriging,782,218,24,5,25.094174311926604,5.757896081681891,32.45,5,5.9795047001066495,4.632171014469866,-0.0834267095643495,0.23671881127818262,-0.018372131588675386,-0.06852717137222171,26.830028765991898,5.523361420892716,4.281013581385609,9.52798236054323,9.123665283426266,-9.123665283426266
spatial_block,2,XGBoost,782,218,24,5,25.094174311926604,5.757896081681891,32.45,5,5.313282055726307,3.984620148370025,0.14454955431054195,0.755130101650133,0.45550216021503537,0.6806973327244132,7.498621744823517,4.989013334099117,3.7221883895633248,10.238126258008569,9.174863174438476,-9.174863174438476
spatial_block,2,OOFResidualKriging,782,218,24,5,25.094174311926604,5.757896081681891,32.45,5,5.593480386360175,4.33335792576612,0.051945390982414685,0.6527867416102967,0.42257280402661174,0.5561766000072593,10.774317052651107,5.389498632384289,4.149611680564513,10.247934427049413,8.863164490322163,-8.863164490322163
spatial_block,2,ConvexFusion,782,218,24,5,25.094174311926604,5.757896081681891,32.45,5,5.223478409338348,4.001245755604074,0.1732223601036531,0.6588013397740404,0.4454242087994804,0.80242154481466,4.429431805914656,4.871125652014251,3.7262301976449748,10.023093226675554,9.165349654919376,-9.165349654919376
spatial_block,3,Mean,793,207,25,4,25.61695652173913,6.393952005268203,32.018,18,6.378549111041424,4.874134059494002,-1.8854726781203368e-05,0.027696693897691693,-2.4216677747742438e-17,,,5.883069486955183,4.636697323167155,10.117950251995127,9.457013451029844,-9.457013451029844
spatial_block,3,OrdinaryKriging,793,207,25,4,25.61695652173913,6.393952005268203,32.018,18,6.640196155847228,5.143128375094939,-0.0837427343070396,-0.29983657661172497,0.045468549473890105,0.13588686301431974,22.176692511838493,6.07849400520325,4.789464001062075,9.411307079321306,8.633434428685733,-8.633434428685733
spatial_block,3,XGBoost,793,207,25,4,25.61695652173913,6.393952005268203,32.018,18,5.3075011558069685,3.8772799522289336,0.30761990199552114,-0.0143855825599264,0.5668854937195823,0.828684992228429,4.400490221977612,4.872521771175869,3.626555917093081,9.609458380568544,8.284461078643798,-8.284461078643798
spatial_block,3,OOFResidualKriging,793,207,25,4,25.61695652173913,6.393952005268203,32.018,18,5.630214253896984,4.172844641767384,0.22086228932782626,0.5099708057581454,0.5075076375675235,0.7445787428464818,6.163401817789828,5.20185616558118,3.9490048902058943,9.469624823729305,8.153046342928185,-8.153046342928185
spatial_block,3,ConvexFusion,793,207,25,4,25.61695652173913,6.393952005268203,32.018,18,5.2122253529717675,3.8453725614206964,0.3322548385019636,-0.06704908672712791,0.5770135382003432,1.0435276448237711,-1.045078209384298,4.77196661217143,3.61445753441396,9.504858974032553,8.34884356150498,-8.34884356150498
spatial_block,4,Mean,799,201,25,4,26.374278606965174,5.844364773180234,32.442,5,5.90200880973946,4.520267747619849,-0.024922765676995695,-0.9203486945746888,,,,5.241813152251961,4.200514845421923,11.26465695306537,10.874070087609514,-10.874070087609514
spatial_block,4,OrdinaryKriging,799,201,25,4,26.374278606965174,5.844364773180234,32.442,5,6.7270226637179364,5.183460734946464,-0.3314878710911231,-1.7449783253035323,-0.01554017396997925,-0.032610846408476335,27.177460935598667,6.2541444655021765,4.9668193276530594,12.618199609122742,11.694885290399299,-11.694885290399299
spatial_block,4,XGBoost,799,201,25,4,26.374278606965174,5.844364773180234,32.442,5,5.138325984146959,3.545726287234482,0.22315434796938471,0.15807850927855835,0.49156750780722425,0.7867686776830873,5.499451082802653,4.180259602573824,3.1064285975300923,7.405685980307057,6.416657760620117,-6.416657760620117
spatial_block,4,OOFResidualKriging,799,201,25,4,26.374278606965174,5.844364773180234,32.442,5,5.612980007442212,4.059267001613817,0.07300279724211989,-0.255267401363798,0.4129050839303062,0.571851138426145,11.438092314476778,4.794235619365151,3.653965552188813,9.125859031510306,7.179551570830452,-7.175491610403216
spatial_block,4,ConvexFusion,799,201,25,4,26.374278606965174,5.844364773180234,32.442,5,5.224223373927187,3.7183852029942637,0.19696419638937002,-0.206540503876324,0.4541222400091856,0.8353859867218631,4.514116891436998,4.3628167733379035,3.327616796625479,8.382517554640517,7.427948495373627,-7.427948495373627
spatial_block,5,Mean,814,186,23,6,25.232956989247313,8.42229957481149,31.513,41,8.414421319430177,6.5756260072389106,-0.0035253640031749356,0.4987260574357407,-1.8191862881537414e-16,,,7.760927180999135,6.120985308189763,10.16429392262681,9.78173158746329,-9.78173158746329
spatial_block,5,OrdinaryKriging,814,186,23,6,25.232956989247313,8.42229957481149,31.513,41,8.520142450019371,6.482281400134353,-0.02890092537377087,1.5753498820680314,0.09496879904392329,0.6444605640706828,7.956060421179467,7.690742330418479,5.879909862082578,8.90907391795114,8.363435460205043,-8.363435460205043
spatial_block,5,XGBoost,814,186,23,6,25.232956989247313,8.42229957481149,31.513,41,7.3037629524217635,5.67304919970933,0.24391053816045305,-1.0120323298054357,0.5083889897747003,1.0112704852253753,0.7390507562862547,6.656685986686711,5.157764701719079,9.933093832712258,9.081133140005717,-9.081133140005717
spatial_block,5,OOFResidualKriging,814,186,23,6,25.232956989247313,8.42229957481149,31.513,41,7.410735782458139,5.731197705626352,0.22160057754910367,0.20430587820726975,0.4720283770781435,0.949946601436128,1.0689155784713895,6.646036070937933,5.171796114331578,9.013129974599304,8.057541530811884,-8.057541530811884
spatial_block,5,ConvexFusion,814,186,23,6,25.232956989247313,8.42229957481149,31.513,41,7.3004878210036415,5.639102322490452,0.2445884728529465,-0.5140917449766254,0.5073503506288156,1.2310922549120613,-5.198246563189256,6.634601282042059,5.1196259401568955,9.673434327659168,8.943012093689624,-8.943012093689624
